complaint_id,complaint_date,customer_id,product_id,product_name,product_line,category,channel,status,resolution_days,satisfaction_score
COMP-00001,2024-08-19,CUST-00119,PROD-0016,TrailBlazer Rain Shell,Apparel & Footwear,Product defect / malfunction,Phone,Open,,
COMP-00002,2024-03-10,CUST-00047,PROD-0015,CozyKnit Wool Sweater,Apparel & Footwear,Misleading product description,Phone,Resolved - Refund,8,3
COMP-00003,2024-04-13,CUST-00117,PROD-0011,GrindWell Manual Coffee Grinder,Home & Kitchen,Misleading product description,Email,Resolved - Replacement,6,2
COMP-00004,2024-08-18,CUST-00024,PROD-0002,VoltEdge 65W GaN Charger,Electronics & Accessories,Battery life shorter than advertised,Online Chat,Resolved - Refund,9,5
COMP-00005,2024-07-12,CUST-00157,PROD-0003,"PixelClear 27"" Monitor",Electronics & Accessories,Other,In-Store,Resolved - Refund,3,3
COMP-00006,2024-03-15,CUST-00042,PROD-0016,TrailBlazer Rain Shell,Apparel & Footwear,Shipping damage,Phone,Open,,
COMP-00007,2024-06-07,CUST-00108,PROD-0005,StrideFit Fitness Tracker,Electronics & Accessories,Battery life shorter than advertised,Online Chat,Open,,
COMP-00008,2024-04-02,CUST-00074,PROD-0013,StrideLine Trail Running Shoe,Apparel & Footwear,Product defect / malfunction,Phone,Escalated,4,4
COMP-00009,2024-09-11,CUST-00004,PROD-0009,BrewMaster Drip Coffee Maker,Home & Kitchen,Misleading product description,Social Media,Resolved - Refund,1,5
COMP-00010,2024-08-31,CUST-00061,PROD-0004,HomeHub Smart Plug 4-Pack,Electronics & Accessories,Misleading product description,Social Media,Resolved - Refund,2,1
COMP-00011,2024-05-22,CUST-00063,PROD-0017,FlexFit Performance Leggings,Apparel & Footwear,Other,Phone,Resolved - Store Credit,4,3
COMP-00012,2024-06-27,CUST-00038,PROD-0001,AuraSound WB-200 Wireless Earbuds,Electronics & Accessories,Product defect / malfunction,Social Media,Resolved - Replacement,1,4
COMP-00013,2024-02-14,CUST-00085,PROD-0017,FlexFit Performance Leggings,Apparel & Footwear,Product defect / malfunction,Email,Resolved - Replacement,3,4
COMP-00014,2024-03-31,CUST-00157,PROD-0013,StrideLine Trail Running Shoe,Apparel & Footwear,Misleading product description,In-Store,Open,,
COMP-00015,2024-06-02,CUST-00010,PROD-0002,VoltEdge 65W GaN Charger,Electronics & Accessories,Difficulty with returns/refund processing,Phone,Resolved - Refund,7,4
COMP-00016,2024-02-03,CUST-00216,PROD-0010,LinenLoft Bedding Bundle,Home & Kitchen,Difficulty with returns/refund processing,In-Store,Resolved - Refund,2,4
COMP-00017,2024-09-25,CUST-00135,PROD-0008,CopperCraft 10-Piece Cookware Set,Home & Kitchen,Shipping damage,Phone,Resolved - Store Credit,10,2
COMP-00018,2024-09-27,CUST-00147,PROD-0014,UrbanFlex Denim Jacket,Apparel & Footwear,Product defect / malfunction,Social Media,Resolved - Refund,12,4
COMP-00019,2024-06-11,CUST-00110,PROD-0011,GrindWell Manual Coffee Grinder,Home & Kitchen,Difficulty with returns/refund processing,In-Store,Resolved - Refund,10,3
COMP-00020,2024-09-11,CUST-00158,PROD-0011,GrindWell Manual Coffee Grinder,Home & Kitchen,Other,Online Chat,Open,,
COMP-00021,2024-04-02,CUST-00127,PROD-0015,CozyKnit Wool Sweater,Apparel & Footwear,Other,Email,Resolved - Replacement,5,1
COMP-00022,2024-08-26,CUST-00031,PROD-0001,AuraSound WB-200 Wireless Earbuds,Electronics & Accessories,Battery life shorter than advertised,Email,Open,,
COMP-00023,2024-07-31,CUST-00205,PROD-0011,GrindWell Manual Coffee Grinder,Home & Kitchen,Misleading product description,Social Media,Resolved - Replacement,6,3
COMP-00024,2024-04-13,CUST-00003,PROD-0013,StrideLine Trail Running Shoe,Apparel & Footwear,Sizing inconsistency,In-Store,Resolved - Replacement,2,4
COMP-00025,2024-06-14,CUST-00130,PROD-0010,LinenLoft Bedding Bundle,Home & Kitchen,Product defect / malfunction,In-Store,Resolved - Replacement,6,4
COMP-00026,2024-01-15,CUST-00186,PROD-0011,GrindWell Manual Coffee Grinder,Home & Kitchen,Shipping damage,Online Chat,Resolved - Replacement,6,5
COMP-00027,2024-03-10,CUST-00205,PROD-0001,AuraSound WB-200 Wireless Earbuds,Electronics & Accessories,Misleading product description,Social Media,Resolved - Replacement,8,4
COMP-00028,2024-07-30,CUST-00119,PROD-0015,CozyKnit Wool Sweater,Apparel & Footwear,Sizing inconsistency,In-Store,Resolved - Replacement,9,4
COMP-00029,2024-01-10,CUST-00143,PROD-0010,LinenLoft Bedding Bundle,Home & Kitchen,Shipping damage,In-Store,Resolved - Refund,6,2
COMP-00030,2024-01-16,CUST-00039,PROD-0005,StrideFit Fitness Tracker,Electronics & Accessories,Difficulty with returns/refund processing,Social Media,Escalated,11,3
COMP-00031,2024-07-18,CUST-00147,PROD-0011,GrindWell Manual Coffee Grinder,Home & Kitchen,Shipping damage,In-Store,Resolved - Refund,5,1
COMP-00032,2024-02-14,CUST-00070,PROD-0008,CopperCraft 10-Piece Cookware Set,Home & Kitchen,Misleading product description,Online Chat,Escalated,6,4
COMP-00033,2024-06-03,CUST-00056,PROD-0010,LinenLoft Bedding Bundle,Home & Kitchen,Shipping damage,Email,Resolved - Replacement,1,2
COMP-00034,2024-01-13,CUST-00114,PROD-0010,LinenLoft Bedding Bundle,Home & Kitchen,Misleading product description,Email,Escalated,3,4
COMP-00035,2024-09-25,CUST-00124,PROD-0014,UrbanFlex Denim Jacket,Apparel & Footwear,Difficulty with returns/refund processing,Email,Open,,
COMP-00036,2024-02-20,CUST-00197,PROD-0016,TrailBlazer Rain Shell,Apparel & Footwear,Color/material mismatch,Email,Escalated,9,3
COMP-00037,2024-08-23,CUST-00186,PROD-0001,AuraSound WB-200 Wireless Earbuds,Electronics & Accessories,Misleading product description,Social Media,Open,,
COMP-00038,2024-06-08,CUST-00030,PROD-0001,AuraSound WB-200 Wireless Earbuds,Electronics & Accessories,Product defect / malfunction,Phone,Resolved - Store Credit,10,4
COMP-00039,2024-01-24,CUST-00120,PROD-0017,FlexFit Performance Leggings,Apparel & Footwear,Product defect / malfunction,In-Store,Resolved - Refund,11,1
COMP-00040,2024-06-08,CUST-00148,PROD-0015,CozyKnit Wool Sweater,Apparel & Footwear,Sizing inconsistency,Email,Escalated,6,3
COMP-00041,2024-09-29,CUST-00074,PROD-0005,StrideFit Fitness Tracker,Electronics & Accessories,Difficulty with returns/refund processing,Phone,Open,,
COMP-00042,2024-03-21,CUST-00070,PROD-0003,"PixelClear 27"" Monitor",Electronics & Accessories,Difficulty with returns/refund processing,Social Media,Resolved - Replacement,10,5
COMP-00043,2024-06-28,CUST-00027,PROD-0004,HomeHub Smart Plug 4-Pack,Electronics & Accessories,Other,In-Store,Resolved - Replacement,3,3
COMP-00044,2024-06-08,CUST-00044,PROD-0002,VoltEdge 65W GaN Charger,Electronics & Accessories,Other,Online Chat,Escalated,9,1
COMP-00045,2024-08-29,CUST-00034,PROD-0001,AuraSound WB-200 Wireless Earbuds,Electronics & Accessories,Battery life shorter than advertised,Phone,Resolved - Replacement,7,2
COMP-00046,2024-04-01,CUST-00110,PROD-0008,CopperCraft 10-Piece Cookware Set,Home & Kitchen,Missing parts or accessories,Online Chat,Resolved - Refund,10,4
COMP-00047,2024-04-11,CUST-00080,PROD-0007,HearthGlow 6-Quart Slow Cooker,Home & Kitchen,Missing parts or accessories,Social Media,Open,,
COMP-00048,2024-08-26,CUST-00021,PROD-0017,FlexFit Performance Leggings,Apparel & Footwear,Other,Online Chat,Resolved - Replacement,12,2
COMP-00049,2024-08-26,CUST-00117,PROD-0005,StrideFit Fitness Tracker,Electronics & Accessories,Misleading product description,Email,Resolved - Replacement,4,4
COMP-00050,2024-04-03,CUST-00094,PROD-0008,CopperCraft 10-Piece Cookware Set,Home & Kitchen,Missing parts or accessories,In-Store,Escalated,6,5
COMP-00051,2024-02-03,CUST-00125,PROD-0001,AuraSound WB-200 Wireless Earbuds,Electronics & Accessories,Misleading product description,Online Chat,Resolved - Replacement,8,3
COMP-00052,2024-06-27,CUST-00073,PROD-0015,CozyKnit Wool Sweater,Apparel & Footwear,Other,Phone,Resolved - Refund,9,4
COMP-00053,2024-02-24,CUST-00210,PROD-0014,UrbanFlex Denim Jacket,Apparel & Footwear,Difficulty with returns/refund processing,In-Store,Resolved - Refund,2,5
COMP-00054,2024-07-30,CUST-00119,PROD-0008,CopperCraft 10-Piece Cookware Set,Home & Kitchen,Shipping damage,Email,Resolved - Store Credit,9,5
COMP-00055,2024-06-23,CUST-00099,PROD-0002,VoltEdge 65W GaN Charger,Electronics & Accessories,Shipping damage,Social Media,Open,,
COMP-00056,2024-08-10,CUST-00111,PROD-0015,CozyKnit Wool Sweater,Apparel & Footwear,Other,Social Media,Open,,
COMP-00057,2024-03-29,CUST-00178,PROD-0004,HomeHub Smart Plug 4-Pack,Electronics & Accessories,Battery life shorter than advertised,Social Media,Resolved - Store Credit,12,5
COMP-00058,2024-08-25,CUST-00030,PROD-0011,GrindWell Manual Coffee Grinder,Home & Kitchen,Difficulty with returns/refund processing,Email,Resolved - Refund,8,4
COMP-00059,2024-02-25,CUST-00104,PROD-0002,VoltEdge 65W GaN Charger,Electronics & Accessories,Battery life shorter than advertised,Online Chat,Open,,
COMP-00060,2024-02-01,CUST-00084,PROD-0009,BrewMaster Drip Coffee Maker,Home & Kitchen,Product defect / malfunction,Social Media,Resolved - Replacement,3,1
COMP-00061,2024-03-17,CUST-00194,PROD-0003,"PixelClear 27"" Monitor",Electronics & Accessories,Misleading product description,Social Media,Resolved - Refund,7,5
COMP-00062,2024-06-11,CUST-00051,PROD-0004,HomeHub Smart Plug 4-Pack,Electronics & Accessories,Difficulty with returns/refund processing,In-Store,Resolved - Refund,11,4
COMP-00063,2024-06-25,CUST-00184,PROD-0017,FlexFit Performance Leggings,Apparel & Footwear,Product defect / malfunction,Social Media,Resolved - Refund,10,4
COMP-00064,2024-05-30,CUST-00217,PROD-0003,"PixelClear 27"" Monitor",Electronics & Accessories,Product defect / malfunction,Phone,Resolved - Refund,9,1
COMP-00065,2024-07-02,CUST-00181,PROD-0010,LinenLoft Bedding Bundle,Home & Kitchen,Product defect / malfunction,Email,Escalated,1,4
COMP-00066,2024-07-20,CUST-00180,PROD-0011,GrindWell Manual Coffee Grinder,Home & Kitchen,Missing parts or accessories,Online Chat,Resolved - Replacement,7,4
COMP-00067,2024-04-18,CUST-00112,PROD-0010,LinenLoft Bedding Bundle,Home & Kitchen,Missing parts or accessories,Email,Resolved - Replacement,3,5
COMP-00068,2024-07-03,CUST-00099,PROD-0016,TrailBlazer Rain Shell,Apparel & Footwear,Color/material mismatch,Email,Resolved - Refund,5,3
COMP-00069,2024-01-09,CUST-00003,PROD-0002,VoltEdge 65W GaN Charger,Electronics & Accessories,Shipping damage,Online Chat,Open,,
COMP-00070,2024-03-10,CUST-00169,PROD-0008,CopperCraft 10-Piece Cookware Set,Home & Kitchen,Product defect / malfunction,Online Chat,Resolved - Replacement,7,4
COMP-00071,2024-08-20,CUST-00160,PROD-0003,"PixelClear 27"" Monitor",Electronics & Accessories,Other,Online Chat,Resolved - Refund,8,4
COMP-00072,2024-08-05,CUST-00058,PROD-0003,"PixelClear 27"" Monitor",Electronics & Accessories,Other,Email,Resolved - Replacement,8,5
COMP-00073,2024-07-06,CUST-00069,PROD-0008,CopperCraft 10-Piece Cookware Set,Home & Kitchen,Product defect / malfunction,Online Chat,Escalated,10,4
COMP-00074,2024-09-03,CUST-00029,PROD-0011,GrindWell Manual Coffee Grinder,Home & Kitchen,Missing parts or accessories,Social Media,Resolved - Replacement,12,4
COMP-00075,2024-02-10,CUST-00120,PROD-0010,LinenLoft Bedding Bundle,Home & Kitchen,Other,Email,Escalated,2,5
COMP-00076,2024-02-09,CUST-00162,PROD-0014,UrbanFlex Denim Jacket,Apparel & Footwear,Sizing inconsistency,In-Store,Resolved - Store Credit,10,1
COMP-00077,2024-01-06,CUST-00088,PROD-0010,LinenLoft Bedding Bundle,Home & Kitchen,Misleading product description,Social Media,Resolved - Refund,8,4
COMP-00078,2024-05-30,CUST-00108,PROD-0007,HearthGlow 6-Quart Slow Cooker,Home & Kitchen,Difficulty with returns/refund processing,Social Media,Resolved - Replacement,12,4
COMP-00079,2024-05-13,CUST-00187,PROD-0015,CozyKnit Wool Sweater,Apparel & Footwear,Product defect / malfunction,Email,Resolved - Store Credit,10,1
COMP-00080,2024-01-14,CUST-00169,PROD-0005,StrideFit Fitness Tracker,Electronics & Accessories,Difficulty with returns/refund processing,Social Media,Resolved - Refund,3,2
COMP-00081,2024-05-22,CUST-00218,PROD-0015,CozyKnit Wool Sweater,Apparel & Footwear,Difficulty with returns/refund processing,In-Store,Resolved - Replacement,5,4
COMP-00082,2024-02-27,CUST-00004,PROD-0014,UrbanFlex Denim Jacket,Apparel & Footwear,Other,Email,Resolved - Replacement,10,5
COMP-00083,2024-03-30,CUST-00095,PROD-0015,CozyKnit Wool Sweater,Apparel & Footwear,Difficulty with returns/refund processing,Email,Open,,
COMP-00084,2024-09-27,CUST-00125,PROD-0003,"PixelClear 27"" Monitor",Electronics & Accessories,Product defect / malfunction,Email,Resolved - Replacement,2,3
COMP-00085,2024-07-30,CUST-00215,PROD-0009,BrewMaster Drip Coffee Maker,Home & Kitchen,Misleading product description,Email,Resolved - Replacement,8,3
COMP-00086,2024-06-25,CUST-00148,PROD-0014,UrbanFlex Denim Jacket,Apparel & Footwear,Product defect / malfunction,Phone,Resolved - Store Credit,2,3
COMP-00087,2024-08-31,CUST-00119,PROD-0008,CopperCraft 10-Piece Cookware Set,Home & Kitchen,Difficulty with returns/refund processing,Email,Resolved - Refund,9,4
COMP-00088,2024-07-18,CUST-00175,PROD-0014,UrbanFlex Denim Jacket,Apparel & Footwear,Misleading product description,Online Chat,Resolved - Replacement,9,1
COMP-00089,2024-08-17,CUST-00074,PROD-0017,FlexFit Performance Leggings,Apparel & Footwear,Misleading product description,Phone,Resolved - Store Credit,9,2
COMP-00090,2024-06-30,CUST-00137,PROD-0013,StrideLine Trail Running Shoe,Apparel & Footwear,Color/material mismatch,In-Store,Resolved - Refund,11,4
COMP-00091,2024-02-20,CUST-00070,PROD-0005,StrideFit Fitness Tracker,Electronics & Accessories,Difficulty with returns/refund processing,Online Chat,Resolved - Store Credit,7,3
COMP-00092,2024-04-09,CUST-00188,PROD-0013,StrideLine Trail Running Shoe,Apparel & Footwear,Other,Email,Resolved - Replacement,12,4
COMP-00093,2024-01-05,CUST-00141,PROD-0001,AuraSound WB-200 Wireless Earbuds,Electronics & Accessories,Product defect / malfunction,Social Media,Resolved - Replacement,2,2
COMP-00094,2024-06-28,CUST-00176,PROD-0009,BrewMaster Drip Coffee Maker,Home & Kitchen,Shipping damage,In-Store,Open,,
COMP-00095,2024-01-13,CUST-00050,PROD-0001,AuraSound WB-200 Wireless Earbuds,Electronics & Accessories,Other,Email,Resolved - Replacement,10,2
COMP-00096,2024-02-14,CUST-00182,PROD-0002,VoltEdge 65W GaN Charger,Electronics & Accessories,Other,Social Media,Resolved - Replacement,11,3
COMP-00097,2024-04-04,CUST-00029,PROD-0014,UrbanFlex Denim Jacket,Apparel & Footwear,Difficulty with returns/refund processing,Phone,Resolved - Replacement,11,5
COMP-00098,2024-08-06,CUST-00071,PROD-0015,CozyKnit Wool Sweater,Apparel & Footwear,Sizing inconsistency,In-Store,Escalated,6,3
COMP-00099,2024-05-21,CUST-00200,PROD-0002,VoltEdge 65W GaN Charger,Electronics & Accessories,Product defect / malfunction,Phone,Resolved - Refund,6,4
COMP-00100,2024-04-01,CUST-00209,PROD-0005,StrideFit Fitness Tracker,Electronics & Accessories,Misleading product description,Social Media,Resolved - Replacement,4,4
COMP-00101,2024-09-08,CUST-00046,PROD-0013,StrideLine Trail Running Shoe,Apparel & Footwear,Product defect / malfunction,Email,Resolved - Replacement,7,2
COMP-00102,2024-05-12,CUST-00114,PROD-0014,UrbanFlex Denim Jacket,Apparel & Footwear,Product defect / malfunction,Social Media,Resolved - Replacement,2,4
COMP-00103,2024-01-10,CUST-00199,PROD-0009,BrewMaster Drip Coffee Maker,Home & Kitchen,Misleading product description,Phone,Resolved - Replacement,11,1
COMP-00104,2024-05-16,CUST-00171,PROD-0008,CopperCraft 10-Piece Cookware Set,Home & Kitchen,Shipping damage,Online Chat,Open,,
COMP-00105,2024-09-20,CUST-00148,PROD-0001,AuraSound WB-200 Wireless Earbuds,Electronics & Accessories,Battery life shorter than advertised,Online Chat,Escalated,8,4
COMP-00106,2024-02-05,CUST-00104,PROD-0016,TrailBlazer Rain Shell,Apparel & Footwear,Other,Online Chat,Resolved - Replacement,7,2
COMP-00107,2024-07-02,CUST-00146,PROD-0010,LinenLoft Bedding Bundle,Home & Kitchen,Difficulty with returns/refund processing,Phone,Resolved - Store Credit,7,2
COMP-00108,2024-06-23,CUST-00094,PROD-0010,LinenLoft Bedding Bundle,Home & Kitchen,Product defect / malfunction,In-Store,Open,,
COMP-00109,2024-03-31,CUST-00166,PROD-0004,HomeHub Smart Plug 4-Pack,Electronics & Accessories,Other,Email,Resolved - Replacement,7,4
COMP-00110,2024-02-24,CUST-00179,PROD-0008,CopperCraft 10-Piece Cookware Set,Home & Kitchen,Missing parts or accessories,Phone,Resolved - Store Credit,8,5
COMP-00111,2024-03-12,CUST-00189,PROD-0004,HomeHub Smart Plug 4-Pack,Electronics & Accessories,Product defect / malfunction,Social Media,Resolved - Replacement,12,3
COMP-00112,2024-02-02,CUST-00126,PROD-0008,CopperCraft 10-Piece Cookware Set,Home & Kitchen,Other,Social Media,Resolved - Store Credit,8,5
COMP-00113,2024-06-22,CUST-00005,PROD-0001,AuraSound WB-200 Wireless Earbuds,Electronics & Accessories,Product defect / malfunction,Phone,Resolved - Replacement,12,4
COMP-00114,2024-09-24,CUST-00031,PROD-0004,HomeHub Smart Plug 4-Pack,Electronics & Accessories,Misleading product description,Email,Escalated,9,3
COMP-00115,2024-03-13,CUST-00019,PROD-0001,AuraSound WB-200 Wireless Earbuds,Electronics & Accessories,Misleading product description,Social Media,Resolved - Store Credit,8,1
COMP-00116,2024-03-07,CUST-00063,PROD-0014,UrbanFlex Denim Jacket,Apparel & Footwear,Product defect / malfunction,In-Store,Resolved - Replacement,1,2
COMP-00117,2024-03-28,CUST-00117,PROD-0011,GrindWell Manual Coffee Grinder,Home & Kitchen,Other,Phone,Resolved - Replacement,2,5
COMP-00118,2024-04-22,CUST-00153,PROD-0015,CozyKnit Wool Sweater,Apparel & Footwear,Product defect / malfunction,Online Chat,Open,,
COMP-00119,2024-07-24,CUST-00087,PROD-0015,CozyKnit Wool Sweater,Apparel & Footwear,Difficulty with returns/refund processing,Social Media,Resolved - Replacement,11,5
COMP-00120,2024-04-19,CUST-00036,PROD-0007,HearthGlow 6-Quart Slow Cooker,Home & Kitchen,Product defect / malfunction,Phone,Resolved - Refund,6,2
COMP-00121,2024-07-31,CUST-00071,PROD-0003,"PixelClear 27"" Monitor",Electronics & Accessories,Shipping damage,Email,Resolved - Store Credit,9,5
COMP-00122,2024-01-21,CUST-00063,PROD-0017,FlexFit Performance Leggings,Apparel & Footwear,Shipping damage,Social Media,Resolved - Replacement,11,4
COMP-00123,2024-01-09,CUST-00200,PROD-0003,"PixelClear 27"" Monitor",Electronics & Accessories,Misleading product description,Email,Resolved - Replacement,1,2
COMP-00124,2024-05-25,CUST-00181,PROD-0013,StrideLine Trail Running Shoe,Apparel & Footwear,Misleading product description,Email,Resolved - Store Credit,8,3
COMP-00125,2024-05-18,CUST-00037,PROD-0013,StrideLine Trail Running Shoe,Apparel & Footwear,Other,Email,Resolved - Refund,4,1
COMP-00126,2024-09-12,CUST-00153,PROD-0003,"PixelClear 27"" Monitor",Electronics & Accessories,Other,In-Store,Escalated,11,4
COMP-00127,2024-04-30,CUST-00108,PROD-0001,AuraSound WB-200 Wireless Earbuds,Electronics & Accessories,Shipping damage,Phone,Resolved - Replacement,9,4
COMP-00128,2024-09-16,CUST-00195,PROD-0010,LinenLoft Bedding Bundle,Home & Kitchen,Shipping damage,Email,Resolved - Refund,11,4
COMP-00129,2024-02-27,CUST-00014,PROD-0004,HomeHub Smart Plug 4-Pack,Electronics & Accessories,Shipping damage,Online Chat,Resolved - Store Credit,8,3
COMP-00130,2024-01-23,CUST-00041,PROD-0013,StrideLine Trail Running Shoe,Apparel & Footwear,Product defect / malfunction,Email,Resolved - Store Credit,5,4
COMP-00131,2024-08-20,CUST-00065,PROD-0007,HearthGlow 6-Quart Slow Cooker,Home & Kitchen,Product defect / malfunction,Social Media,Resolved - Replacement,1,3
COMP-00132,2024-01-15,CUST-00041,PROD-0015,CozyKnit Wool Sweater,Apparel & Footwear,Misleading product description,Email,Resolved - Refund,2,5
COMP-00133,2024-06-15,CUST-00152,PROD-0011,GrindWell Manual Coffee Grinder,Home & Kitchen,Misleading product description,In-Store,Resolved - Replacement,11,3
COMP-00134,2024-06-15,CUST-00200,PROD-0002,VoltEdge 65W GaN Charger,Electronics & Accessories,Shipping damage,Online Chat,Resolved - Replacement,12,3
COMP-00135,2024-04-22,CUST-00097,PROD-0017,FlexFit Performance Leggings,Apparel & Footwear,Product defect / malfunction,Phone,Resolved - Refund,8,4
COMP-00136,2024-08-20,CUST-00038,PROD-0004,HomeHub Smart Plug 4-Pack,Electronics & Accessories,Shipping damage,Online Chat,Resolved - Refund,3,3
COMP-00137,2024-05-18,CUST-00162,PROD-0007,HearthGlow 6-Quart Slow Cooker,Home & Kitchen,Shipping damage,Social Media,Resolved - Replacement,1,1
COMP-00138,2024-02-26,CUST-00072,PROD-0003,"PixelClear 27"" Monitor",Electronics & Accessories,Misleading product description,In-Store,Resolved - Refund,3,3
COMP-00139,2024-03-21,CUST-00076,PROD-0011,GrindWell Manual Coffee Grinder,Home & Kitchen,Missing parts or accessories,Social Media,Escalated,3,5
COMP-00140,2024-02-14,CUST-00219,PROD-0004,HomeHub Smart Plug 4-Pack,Electronics & Accessories,Misleading product description,Email,Escalated,8,5
COMP-00141,2024-05-22,CUST-00215,PROD-0009,BrewMaster Drip Coffee Maker,Home & Kitchen,Product defect / malfunction,Email,Open,,
COMP-00142,2024-08-10,CUST-00064,PROD-0007,HearthGlow 6-Quart Slow Cooker,Home & Kitchen,Other,Email,Resolved - Replacement,10,1
COMP-00143,2024-01-21,CUST-00107,PROD-0001,AuraSound WB-200 Wireless Earbuds,Electronics & Accessories,Misleading product description,Social Media,Open,,
COMP-00144,2024-09-28,CUST-00009,PROD-0008,CopperCraft 10-Piece Cookware Set,Home & Kitchen,Misleading product description,Phone,Resolved - Refund,12,5
COMP-00145,2024-02-12,CUST-00127,PROD-0004,HomeHub Smart Plug 4-Pack,Electronics & Accessories,Other,Online Chat,Open,,
COMP-00146,2024-07-02,CUST-00056,PROD-0003,"PixelClear 27"" Monitor",Electronics & Accessories,Difficulty with returns/refund processing,Phone,Resolved - Replacement,2,5
COMP-00147,2024-03-23,CUST-00172,PROD-0005,StrideFit Fitness Tracker,Electronics & Accessories,Battery life shorter than advertised,Social Media,Resolved - Refund,10,1
COMP-00148,2024-03-11,CUST-00117,PROD-0009,BrewMaster Drip Coffee Maker,Home & Kitchen,Missing parts or accessories,Online Chat,Resolved - Refund,6,1
COMP-00149,2024-07-16,CUST-00161,PROD-0002,VoltEdge 65W GaN Charger,Electronics & Accessories,Battery life shorter than advertised,In-Store,Resolved - Replacement,1,4
COMP-00150,2024-04-16,CUST-00193,PROD-0005,StrideFit Fitness Tracker,Electronics & Accessories,Battery life shorter than advertised,Phone,Resolved - Replacement,6,5
COMP-00151,2024-01-27,CUST-00173,PROD-0007,HearthGlow 6-Quart Slow Cooker,Home & Kitchen,Product defect / malfunction,Social Media,Resolved - Refund,8,1
COMP-00152,2024-03-30,CUST-00094,PROD-0007,HearthGlow 6-Quart Slow Cooker,Home & Kitchen,Missing parts or accessories,Social Media,Resolved - Refund,2,3
COMP-00153,2024-05-02,CUST-00036,PROD-0007,HearthGlow 6-Quart Slow Cooker,Home & Kitchen,Other,Social Media,Resolved - Replacement,8,3
COMP-00154,2024-04-25,CUST-00193,PROD-0014,UrbanFlex Denim Jacket,Apparel & Footwear,Difficulty with returns/refund processing,Social Media,Resolved - Refund,5,4
COMP-00155,2024-02-02,CUST-00071,PROD-0001,AuraSound WB-200 Wireless Earbuds,Electronics & Accessories,Difficulty with returns/refund processing,Social Media,Resolved - Replacement,8,5
COMP-00156,2024-08-28,CUST-00213,PROD-0002,VoltEdge 65W GaN Charger,Electronics & Accessories,Battery life shorter than advertised,In-Store,Resolved - Refund,9,5
COMP-00157,2024-02-03,CUST-00159,PROD-0007,HearthGlow 6-Quart Slow Cooker,Home & Kitchen,Shipping damage,Phone,Escalated,8,2
COMP-00158,2024-04-01,CUST-00101,PROD-0017,FlexFit Performance Leggings,Apparel & Footwear,Difficulty with returns/refund processing,Phone,Escalated,2,3
COMP-00159,2024-03-16,CUST-00071,PROD-0002,VoltEdge 65W GaN Charger,Electronics & Accessories,Misleading product description,Social Media,Resolved - Replacement,4,1
COMP-00160,2024-03-08,CUST-00076,PROD-0008,CopperCraft 10-Piece Cookware Set,Home & Kitchen,Misleading product description,Phone,Resolved - Replacement,8,4
COMP-00161,2024-01-12,CUST-00049,PROD-0002,VoltEdge 65W GaN Charger,Electronics & Accessories,Shipping damage,Social Media,Open,,
COMP-00162,2024-07-29,CUST-00166,PROD-0007,HearthGlow 6-Quart Slow Cooker,Home & Kitchen,Other,In-Store,Resolved - Replacement,11,5
COMP-00163,2024-09-28,CUST-00152,PROD-0013,StrideLine Trail Running Shoe,Apparel & Footwear,Color/material mismatch,In-Store,Resolved - Refund,8,3
COMP-00164,2024-03-28,CUST-00203,PROD-0005,StrideFit Fitness Tracker,Electronics & Accessories,Difficulty with returns/refund processing,In-Store,Resolved - Replacement,6,1
COMP-00165,2024-05-25,CUST-00038,PROD-0007,HearthGlow 6-Quart Slow Cooker,Home & Kitchen,Misleading product description,Email,Escalated,10,5
COMP-00166,2024-03-30,CUST-00074,PROD-0003,"PixelClear 27"" Monitor",Electronics & Accessories,Battery life shorter than advertised,Email,Resolved - Store Credit,11,3
COMP-00167,2024-01-22,CUST-00061,PROD-0002,VoltEdge 65W GaN Charger,Electronics & Accessories,Difficulty with returns/refund processing,In-Store,Resolved - Refund,8,4
COMP-00168,2024-01-18,CUST-00048,PROD-0004,HomeHub Smart Plug 4-Pack,Electronics & Accessories,Battery life shorter than advertised,Email,Resolved - Replacement,6,4
COMP-00169,2024-03-24,CUST-00115,PROD-0010,LinenLoft Bedding Bundle,Home & Kitchen,Other,Online Chat,Resolved - Replacement,1,5
COMP-00170,2024-08-22,CUST-00197,PROD-0003,"PixelClear 27"" Monitor",Electronics & Accessories,Difficulty with returns/refund processing,Social Media,Resolved - Replacement,12,5
COMP-00171,2024-05-31,CUST-00085,PROD-0013,StrideLine Trail Running Shoe,Apparel & Footwear,Misleading product description,Email,Escalated,10,5
COMP-00172,2024-02-27,CUST-00087,PROD-0014,UrbanFlex Denim Jacket,Apparel & Footwear,Sizing inconsistency,Email,Resolved - Refund,1,5
COMP-00173,2024-01-13,CUST-00030,PROD-0005,StrideFit Fitness Tracker,Electronics & Accessories,Misleading product description,Online Chat,Resolved - Store Credit,4,4
COMP-00174,2024-01-29,CUST-00024,PROD-0007,HearthGlow 6-Quart Slow Cooker,Home & Kitchen,Other,Social Media,Resolved - Store Credit,10,3
COMP-00175,2024-05-22,CUST-00201,PROD-0017,FlexFit Performance Leggings,Apparel & Footwear,Shipping damage,Online Chat,Resolved - Replacement,9,2
COMP-00176,2024-04-09,CUST-00132,PROD-0008,CopperCraft 10-Piece Cookware Set,Home & Kitchen,Misleading product description,Social Media,Resolved - Replacement,10,1
COMP-00177,2024-07-22,CUST-00171,PROD-0007,HearthGlow 6-Quart Slow Cooker,Home & Kitchen,Shipping damage,Online Chat,Open,,
COMP-00178,2024-07-09,CUST-00095,PROD-0008,CopperCraft 10-Piece Cookware Set,Home & Kitchen,Product defect / malfunction,In-Store,Resolved - Replacement,6,5
COMP-00179,2024-04-20,CUST-00144,PROD-0002,VoltEdge 65W GaN Charger,Electronics & Accessories,Battery life shorter than advertised,Online Chat,Escalated,12,5
COMP-00180,2024-08-05,CUST-00074,PROD-0003,"PixelClear 27"" Monitor",Electronics & Accessories,Battery life shorter than advertised,Social Media,Escalated,3,2
COMP-00181,2024-06-04,CUST-00037,PROD-0004,HomeHub Smart Plug 4-Pack,Electronics & Accessories,Misleading product description,In-Store,Escalated,9,2
COMP-00182,2024-07-11,CUST-00152,PROD-0015,CozyKnit Wool Sweater,Apparel & Footwear,Product defect / malfunction,In-Store,Resolved - Replacement,11,4
COMP-00183,2024-08-24,CUST-00045,PROD-0010,LinenLoft Bedding Bundle,Home & Kitchen,Missing parts or accessories,Email,Resolved - Refund,3,3
COMP-00184,2024-05-28,CUST-00214,PROD-0008,CopperCraft 10-Piece Cookware Set,Home & Kitchen,Other,Social Media,Resolved - Refund,5,4
COMP-00185,2024-08-25,CUST-00127,PROD-0010,LinenLoft Bedding Bundle,Home & Kitchen,Shipping damage,Email,Resolved - Replacement,1,4
COMP-00186,2024-08-29,CUST-00077,PROD-0013,StrideLine Trail Running Shoe,Apparel & Footwear,Product defect / malfunction,Online Chat,Resolved - Store Credit,5,3
COMP-00187,2024-05-05,CUST-00126,PROD-0017,FlexFit Performance Leggings,Apparel & Footwear,Product defect / malfunction,Online Chat,Resolved - Replacement,5,2
COMP-00188,2024-07-04,CUST-00154,PROD-0014,UrbanFlex Denim Jacket,Apparel & Footwear,Other,In-Store,Resolved - Refund,7,5
COMP-00189,2024-03-02,CUST-00178,PROD-0016,TrailBlazer Rain Shell,Apparel & Footwear,Difficulty with returns/refund processing,Phone,Resolved - Refund,10,4
COMP-00190,2024-01-30,CUST-00042,PROD-0011,GrindWell Manual Coffee Grinder,Home & Kitchen,Shipping damage,Email,Resolved - Replacement,12,4
COMP-00191,2024-05-19,CUST-00042,PROD-0001,AuraSound WB-200 Wireless Earbuds,Electronics & Accessories,Difficulty with returns/refund processing,Phone,Resolved - Refund,6,4
COMP-00192,2024-02-09,CUST-00075,PROD-0010,LinenLoft Bedding Bundle,Home & Kitchen,Other,Email,Resolved - Replacement,11,2
COMP-00193,2024-03-26,CUST-00154,PROD-0015,CozyKnit Wool Sweater,Apparel & Footwear,Other,In-Store,Resolved - Replacement,6,4
COMP-00194,2024-07-04,CUST-00176,PROD-0014,UrbanFlex Denim Jacket,Apparel & Footwear,Product defect / malfunction,Email,Resolved - Refund,6,1
COMP-00195,2024-05-24,CUST-00036,PROD-0010,LinenLoft Bedding Bundle,Home & Kitchen,Difficulty with returns/refund processing,Online Chat,Open,,
COMP-00196,2024-03-24,CUST-00088,PROD-0017,FlexFit Performance Leggings,Apparel & Footwear,Product defect / malfunction,Email,Resolved - Replacement,9,3
COMP-00197,2024-09-26,CUST-00204,PROD-0017,FlexFit Performance Leggings,Apparel & Footwear,Color/material mismatch,Phone,Resolved - Refund,9,4
COMP-00198,2024-02-09,CUST-00118,PROD-0017,FlexFit Performance Leggings,Apparel & Footwear,Product defect / malfunction,Phone,Open,,
COMP-00199,2024-06-08,CUST-00123,PROD-0007,HearthGlow 6-Quart Slow Cooker,Home & Kitchen,Missing parts or accessories,Social Media,Resolved - Refund,8,5
COMP-00200,2024-03-29,CUST-00196,PROD-0007,HearthGlow 6-Quart Slow Cooker,Home & Kitchen,Missing parts or accessories,Phone,Resolved - Replacement,12,3
COMP-00201,2024-03-13,CUST-00033,PROD-0016,TrailBlazer Rain Shell,Apparel & Footwear,Sizing inconsistency,Email,Resolved - Replacement,3,3
COMP-00202,2024-02-27,CUST-00021,PROD-0008,CopperCraft 10-Piece Cookware Set,Home & Kitchen,Product defect / malfunction,Online Chat,Resolved - Replacement,8,1
COMP-00203,2024-01-17,CUST-00051,PROD-0002,VoltEdge 65W GaN Charger,Electronics & Accessories,Battery life shorter than advertised,Online Chat,Resolved - Refund,1,2
COMP-00204,2024-02-03,CUST-00065,PROD-0001,AuraSound WB-200 Wireless Earbuds,Electronics & Accessories,Difficulty with returns/refund processing,Phone,Resolved - Store Credit,2,3
COMP-00205,2024-04-12,CUST-00151,PROD-0017,FlexFit Performance Leggings,Apparel & Footwear,Shipping damage,Phone,Resolved - Store Credit,1,3
COMP-00206,2024-05-22,CUST-00217,PROD-0014,UrbanFlex Denim Jacket,Apparel & Footwear,Other,Social Media,Resolved - Replacement,3,3
COMP-00207,2024-02-04,CUST-00130,PROD-0011,GrindWell Manual Coffee Grinder,Home & Kitchen,Product defect / malfunction,Phone,Open,,
COMP-00208,2024-04-08,CUST-00136,PROD-0004,HomeHub Smart Plug 4-Pack,Electronics & Accessories,Difficulty with returns/refund processing,Phone,Resolved - Replacement,9,2
COMP-00209,2024-09-15,CUST-00055,PROD-0017,FlexFit Performance Leggings,Apparel & Footwear,Color/material mismatch,In-Store,Open,,
COMP-00210,2024-04-04,CUST-00179,PROD-0011,GrindWell Manual Coffee Grinder,Home & Kitchen,Misleading product description,Email,Resolved - Store Credit,2,4
COMP-00211,2024-04-19,CUST-00098,PROD-0008,CopperCraft 10-Piece Cookware Set,Home & Kitchen,Other,In-Store,Resolved - Replacement,2,2
COMP-00212,2024-09-23,CUST-00120,PROD-0002,VoltEdge 65W GaN Charger,Electronics & Accessories,Shipping damage,In-Store,Resolved - Refund,6,5
COMP-00213,2024-02-12,CUST-00185,PROD-0001,AuraSound WB-200 Wireless Earbuds,Electronics & Accessories,Difficulty with returns/refund processing,In-Store,Resolved - Refund,7,5
COMP-00214,2024-06-08,CUST-00154,PROD-0014,UrbanFlex Denim Jacket,Apparel & Footwear,Sizing inconsistency,Email,Escalated,8,5
COMP-00215,2024-08-07,CUST-00105,PROD-0005,StrideFit Fitness Tracker,Electronics & Accessories,Shipping damage,In-Store,Escalated,8,3
COMP-00216,2024-09-08,CUST-00004,PROD-0013,StrideLine Trail Running Shoe,Apparel & Footwear,Sizing inconsistency,Social Media,Resolved - Replacement,8,2
COMP-00217,2024-07-21,CUST-00031,PROD-0003,"PixelClear 27"" Monitor",Electronics & Accessories,Misleading product description,Email,Resolved - Store Credit,2,2
COMP-00218,2024-06-22,CUST-00094,PROD-0004,HomeHub Smart Plug 4-Pack,Electronics & Accessories,Shipping damage,Phone,Resolved - Refund,7,3
COMP-00219,2024-09-12,CUST-00215,PROD-0008,CopperCraft 10-Piece Cookware Set,Home & Kitchen,Difficulty with returns/refund processing,Social Media,Open,,
COMP-00220,2024-07-23,CUST-00152,PROD-0005,StrideFit Fitness Tracker,Electronics & Accessories,Difficulty with returns/refund processing,Online Chat,Resolved - Refund,10,5
COMP-00221,2024-03-16,CUST-00131,PROD-0005,StrideFit Fitness Tracker,Electronics & Accessories,Misleading product description,Online Chat,Resolved - Replacement,5,5
COMP-00222,2024-03-09,CUST-00060,PROD-0013,StrideLine Trail Running Shoe,Apparel & Footwear,Product defect / malfunction,Phone,Resolved - Replacement,1,5
COMP-00223,2024-04-01,CUST-00174,PROD-0001,AuraSound WB-200 Wireless Earbuds,Electronics & Accessories,Misleading product description,Email,Resolved - Store Credit,6,4
COMP-00224,2024-02-19,CUST-00160,PROD-0011,GrindWell Manual Coffee Grinder,Home & Kitchen,Product defect / malfunction,Online Chat,Resolved - Store Credit,9,5
COMP-00225,2024-09-11,CUST-00052,PROD-0005,StrideFit Fitness Tracker,Electronics & Accessories,Misleading product description,In-Store,Resolved - Refund,9,5
COMP-00226,2024-01-17,CUST-00140,PROD-0001,AuraSound WB-200 Wireless Earbuds,Electronics & Accessories,Misleading product description,Online Chat,Escalated,2,5
COMP-00227,2024-07-11,CUST-00081,PROD-0016,TrailBlazer Rain Shell,Apparel & Footwear,Misleading product description,Email,Resolved - Refund,1,5
COMP-00228,2024-06-04,CUST-00169,PROD-0016,TrailBlazer Rain Shell,Apparel & Footwear,Sizing inconsistency,Email,Resolved - Replacement,7,4
COMP-00229,2024-09-06,CUST-00184,PROD-0008,CopperCraft 10-Piece Cookware Set,Home & Kitchen,Product defect / malfunction,Social Media,Resolved - Refund,8,5
COMP-00230,2024-08-31,CUST-00147,PROD-0009,BrewMaster Drip Coffee Maker,Home & Kitchen,Other,Phone,Escalated,9,4
COMP-00231,2024-07-12,CUST-00068,PROD-0009,BrewMaster Drip Coffee Maker,Home & Kitchen,Other,In-Store,Resolved - Store Credit,5,1
COMP-00232,2024-01-24,CUST-00008,PROD-0011,GrindWell Manual Coffee Grinder,Home & Kitchen,Shipping damage,In-Store,Open,,
COMP-00233,2024-01-14,CUST-00208,PROD-0014,UrbanFlex Denim Jacket,Apparel & Footwear,Color/material mismatch,Online Chat,Escalated,6,2
COMP-00234,2024-07-01,CUST-00110,PROD-0007,HearthGlow 6-Quart Slow Cooker,Home & Kitchen,Misleading product description,Email,Resolved - Refund,11,3
COMP-00235,2024-06-08,CUST-00061,PROD-0013,StrideLine Trail Running Shoe,Apparel & Footwear,Other,Phone,Resolved - Replacement,12,4
COMP-00236,2024-03-27,CUST-00030,PROD-0007,HearthGlow 6-Quart Slow Cooker,Home & Kitchen,Product defect / malfunction,Online Chat,Resolved - Refund,1,4
COMP-00237,2024-08-03,CUST-00146,PROD-0010,LinenLoft Bedding Bundle,Home & Kitchen,Difficulty with returns/refund processing,Social Media,Resolved - Replacement,8,1
COMP-00238,2024-07-18,CUST-00082,PROD-0008,CopperCraft 10-Piece Cookware Set,Home & Kitchen,Difficulty with returns/refund processing,Phone,Resolved - Refund,8,3
COMP-00239,2024-09-14,CUST-00087,PROD-0009,BrewMaster Drip Coffee Maker,Home & Kitchen,Missing parts or accessories,In-Store,Resolved - Replacement,10,4
COMP-00240,2024-09-11,CUST-00112,PROD-0004,HomeHub Smart Plug 4-Pack,Electronics & Accessories,Battery life shorter than advertised,Phone,Open,,
COMP-00241,2024-04-19,CUST-00216,PROD-0016,TrailBlazer Rain Shell,Apparel & Footwear,Difficulty with returns/refund processing,Social Media,Resolved - Replacement,5,4
COMP-00242,2024-02-17,CUST-00206,PROD-0004,HomeHub Smart Plug 4-Pack,Electronics & Accessories,Battery life shorter than advertised,Phone,Open,,
COMP-00243,2024-05-19,CUST-00152,PROD-0007,HearthGlow 6-Quart Slow Cooker,Home & Kitchen,Product defect / malfunction,Online Chat,Resolved - Refund,9,4
COMP-00244,2024-02-09,CUST-00054,PROD-0007,HearthGlow 6-Quart Slow Cooker,Home & Kitchen,Missing parts or accessories,Social Media,Open,,
COMP-00245,2024-08-09,CUST-00206,PROD-0005,StrideFit Fitness Tracker,Electronics & Accessories,Battery life shorter than advertised,Online Chat,Resolved - Refund,4,4
COMP-00246,2024-09-20,CUST-00065,PROD-0011,GrindWell Manual Coffee Grinder,Home & Kitchen,Misleading product description,Email,Resolved - Store Credit,9,1
COMP-00247,2024-09-21,CUST-00161,PROD-0014,UrbanFlex Denim Jacket,Apparel & Footwear,Color/material mismatch,Email,Resolved - Replacement,8,5
COMP-00248,2024-09-29,CUST-00069,PROD-0017,FlexFit Performance Leggings,Apparel & Footwear,Color/material mismatch,Social Media,Resolved - Store Credit,7,1
COMP-00249,2024-07-05,CUST-00134,PROD-0004,HomeHub Smart Plug 4-Pack,Electronics & Accessories,Misleading product description,In-Store,Resolved - Replacement,3,4
COMP-00250,2024-02-02,CUST-00106,PROD-0007,HearthGlow 6-Quart Slow Cooker,Home & Kitchen,Missing parts or accessories,In-Store,Resolved - Replacement,7,4
COMP-00251,2024-05-11,CUST-00166,PROD-0003,"PixelClear 27"" Monitor",Electronics & Accessories,Battery life shorter than advertised,Email,Resolved - Store Credit,7,2
COMP-00252,2024-01-15,CUST-00039,PROD-0004,HomeHub Smart Plug 4-Pack,Electronics & Accessories,Shipping damage,In-Store,Open,,
COMP-00253,2024-08-11,CUST-00119,PROD-0009,BrewMaster Drip Coffee Maker,Home & Kitchen,Misleading product description,Email,Resolved - Store Credit,1,3
COMP-00254,2024-01-15,CUST-00070,PROD-0003,"PixelClear 27"" Monitor",Electronics & Accessories,Difficulty with returns/refund processing,In-Store,Open,,
COMP-00255,2024-03-31,CUST-00169,PROD-0010,LinenLoft Bedding Bundle,Home & Kitchen,Missing parts or accessories,Online Chat,Escalated,12,1
COMP-00256,2024-02-12,CUST-00015,PROD-0016,TrailBlazer Rain Shell,Apparel & Footwear,Difficulty with returns/refund processing,Online Chat,Resolved - Store Credit,2,4
COMP-00257,2024-02-16,CUST-00172,PROD-0013,StrideLine Trail Running Shoe,Apparel & Footwear,Misleading product description,Email,Escalated,12,3
COMP-00258,2024-09-13,CUST-00029,PROD-0011,GrindWell Manual Coffee Grinder,Home & Kitchen,Product defect / malfunction,Social Media,Resolved - Refund,10,4
COMP-00259,2024-02-16,CUST-00128,PROD-0017,FlexFit Performance Leggings,Apparel & Footwear,Shipping damage,In-Store,Resolved - Refund,6,4
COMP-00260,2024-04-30,CUST-00207,PROD-0014,UrbanFlex Denim Jacket,Apparel & Footwear,Misleading product description,Email,Resolved - Replacement,2,3
